from,to,amount
DQFT,ZPSG,23.72129687
OWXP,EPWZ,96.10926645
ZYTR,TTTZ,80.8032799
ZVYX,QNOA,84.34307338
VOKY,QWQJ,75.59633269
HUWK,RAAR,76.64460865
OSQR,WQAV,42.80295803
VQKS,DSGP,54.08837589
XDXV,INZJ,81.77333863
OYXC,CWPP,95.30765817

